{
  "hash": "fde7b0cf",
  "configHash": "cf86de1b",
  "lockfileHash": "0c9e393b",
  "browserHash": "36f26c8a",
  "optimized": {
    "@angular/common": {
      "src": "../../../../../node_modules/@angular/common/fesm2022/common.mjs",
      "file": "@angular_common.js",
      "fileHash": "9ba62ad8",
      "needsInterop": false
    },
    "@angular/core": {
      "src": "../../../../../node_modules/@angular/core/fesm2022/core.mjs",
      "file": "@angular_core.js",
      "fileHash": "ce63b6eb",
      "needsInterop": false
    },
    "@angular/platform-browser": {
      "src": "../../../../../node_modules/@angular/platform-browser/fesm2022/platform-browser.mjs",
      "file": "@angular_platform-browser.js",
      "fileHash": "8570b251",
      "needsInterop": false
    },
    "@angular/router": {
      "src": "../../../../../node_modules/@angular/router/fesm2022/router.mjs",
      "file": "@angular_router.js",
      "fileHash": "12e58e0f",
      "needsInterop": false
    },
    "@angular/common/http": {
      "src": "../../../../../node_modules/@angular/common/fesm2022/http.mjs",
      "file": "@angular_common_http.js",
      "fileHash": "51796ba2",
      "needsInterop": false
    },
    "@angular/forms": {
      "src": "../../../../../node_modules/@angular/forms/fesm2022/forms.mjs",
      "file": "@angular_forms.js",
      "fileHash": "4ea30ec0",
      "needsInterop": false
    }
  },
  "chunks": {
    "chunk-NTCP47MG": {
      "file": "chunk-NTCP47MG.js"
    },
    "chunk-NI3FVHXP": {
      "file": "chunk-NI3FVHXP.js"
    },
    "chunk-JNMCCJRC": {
      "file": "chunk-JNMCCJRC.js"
    },
    "chunk-ADFJBWRY": {
      "file": "chunk-ADFJBWRY.js"
    }
  }
}